word,score
delicious,571.9
good,440.40000000000003
crap,-381.79999999999995
bad,-542.3
