word,score
well,273.2
chance,250.0
attract,361.20000000000005
super,599.4000000000001
important,202.3
honestly,458.8
winner,585.9
yummy,526.6999999999999
good,440.40000000000003
great,624.9
pretty,493.9
hope,440.40000000000003
better,440.40000000000003
certainly,340.0
like,361.20000000000005
popular,421.5
satisfied,421.5
empty,-202.3
lack,-318.2
terrible,-476.7
messed,-340.0
wrong,-476.7
blocks,-226.3
